{
  "accuracy": 0.5092975206611571,
  "f1_pos": 0.6748802190280629,
  "roc_auc": 0.5098003629764065,
  "pr_auc": 0.5204208067425103,
  "brier": 0.24993740659107638,
  "pr_mean_precision": 0.5185402515086895
}